{"Float64_orthogonal_rank-1":{"injectivity":[0.6200129207158963,0.6869683671737296,0.6636710585701715,0.64104990276659,0.6627670748909229,0.644773481773666,0.7191777445328117,0.6613822544939468,0.4919476814060343,0.724866967993931,0.6249544477560504,0.591201814459242,0.5762343896794031,0.6717929362888692,0.7463668758323295,0.7241689481797905,0.7276563819582808,0.7921761321563853,0.6718719092890866,0.7541516580586602,0.7329029807612163,0.7419822887447846,0.7388401828889157,0.7505923490897957,0.6888879060881374,0.8002607467479267,0.7535015801342336,0.8225065700455906,0.7123994327445886,0.7351229778966342,0.799249015605798,0.7333322905172011,0.8115640076287008,0.7961750680267198,0.8241806233320562,0.7900979488486403,0.8161495985356905,0.856430532417769,0.8039961977111968,0.8297494718339462],"median_injectivity":[0.6200129207158963,0.6869683671737296,0.6636710585701715,0.64104990276659,0.6627670748909229,0.644773481773666,0.7191777445328117,0.6613822544939468,0.4919476814060343,0.724866967993931,0.6249544477560504,0.591201814459242,0.5762343896794031,0.6717929362888692,0.7463668758323295,0.7241689481797905,0.7276563819582808,0.7921761321563853,0.6718719092890866,0.7541516580586602,0.7329029807612163,0.7419822887447846,0.7388401828889157,0.7505923490897957,0.6888879060881374,0.8002607467479267,0.7535015801342336,0.8225065700455906,0.7123994327445886,0.7351229778966342,0.799249015605798,0.7333322905172011,0.8115640076287008,0.7961750680267198,0.8241806233320562,0.7900979488486403,0.8161495985356905,0.856430532417769,0.8039961977111968,0.8297494718339462],"dilation":[1.4377558063304914,1.5630951113208187,1.2455482607126678,1.3828024776414158,1.8690557226263174,1.3564401031077586,1.4391116976107345,1.4408648909714035,1.4628322780035925,1.2990958937318642,1.5157590336758688,1.3276611139807772,1.561228818516356,1.2533996135654057,1.2305523724616159,1.247083734387583,1.762687007181587,1.4292471248609058,1.6974403888780754,1.2044176041393633,1.3550045582671932,1.3560003612020182,1.4866063450629086,1.5076543607790238,1.1983192469567476,1.492151118569758,1.4452453397176381,1.411910519628232,1.3735482065260198,1.1758890900741044,1.3205504357831952,1.1728964156249029,1.237294498599491,1.2007632909918453,1.2618170009609755,1.3090579708921124,1.3200732920943836,1.2043716248149967,1.244445474910174,1.119792540707678],"q75_dilation":[1.4377558063304914,1.5630951113208187,1.2455482607126678,1.3828024776414158,1.8690557226263174,1.3564401031077586,1.4391116976107345,1.4408648909714035,1.4628322780035925,1.2990958937318642,1.5157590336758688,1.3276611139807772,1.561228818516356,1.2533996135654057,1.2305523724616159,1.247083734387583,1.762687007181587,1.4292471248609058,1.6974403888780754,1.2044176041393633,1.3550045582671932,1.3560003612020182,1.4866063450629086,1.5076543607790238,1.1983192469567476,1.492151118569758,1.4452453397176381,1.411910519628232,1.3735482065260198,1.1758890900741044,1.3205504357831952,1.1728964156249029,1.237294498599491,1.2007632909918453,1.2618170009609755,1.3090579708921124,1.3200732920943836,1.2043716248149967,1.244445474910174,1.119792540707678],"q25_injectivity":[0.6200129207158963,0.6869683671737296,0.6636710585701715,0.64104990276659,0.6627670748909229,0.644773481773666,0.7191777445328117,0.6613822544939468,0.4919476814060343,0.724866967993931,0.6249544477560504,0.591201814459242,0.5762343896794031,0.6717929362888692,0.7463668758323295,0.7241689481797905,0.7276563819582808,0.7921761321563853,0.6718719092890866,0.7541516580586602,0.7329029807612163,0.7419822887447846,0.7388401828889157,0.7505923490897957,0.6888879060881374,0.8002607467479267,0.7535015801342336,0.8225065700455906,0.7123994327445886,0.7351229778966342,0.799249015605798,0.7333322905172011,0.8115640076287008,0.7961750680267198,0.8241806233320562,0.7900979488486403,0.8161495985356905,0.856430532417769,0.8039961977111968,0.8297494718339462],"q75_injectivity":[0.6200129207158963,0.6869683671737296,0.6636710585701715,0.64104990276659,0.6627670748909229,0.644773481773666,0.7191777445328117,0.6613822544939468,0.4919476814060343,0.724866967993931,0.6249544477560504,0.591201814459242,0.5762343896794031,0.6717929362888692,0.7463668758323295,0.7241689481797905,0.7276563819582808,0.7921761321563853,0.6718719092890866,0.7541516580586602,0.7329029807612163,0.7419822887447846,0.7388401828889157,0.7505923490897957,0.6888879060881374,0.8002607467479267,0.7535015801342336,0.8225065700455906,0.7123994327445886,0.7351229778966342,0.799249015605798,0.7333322905172011,0.8115640076287008,0.7961750680267198,0.8241806233320562,0.7900979488486403,0.8161495985356905,0.856430532417769,0.8039961977111968,0.8297494718339462],"median_dilation":[1.4377558063304914,1.5630951113208187,1.2455482607126678,1.3828024776414158,1.8690557226263174,1.3564401031077586,1.4391116976107345,1.4408648909714035,1.4628322780035925,1.2990958937318642,1.5157590336758688,1.3276611139807772,1.561228818516356,1.2533996135654057,1.2305523724616159,1.247083734387583,1.762687007181587,1.4292471248609058,1.6974403888780754,1.2044176041393633,1.3550045582671932,1.3560003612020182,1.4866063450629086,1.5076543607790238,1.1983192469567476,1.492151118569758,1.4452453397176381,1.411910519628232,1.3735482065260198,1.1758890900741044,1.3205504357831952,1.1728964156249029,1.237294498599491,1.2007632909918453,1.2618170009609755,1.3090579708921124,1.3200732920943836,1.2043716248149967,1.244445474910174,1.119792540707678],"q25_dilation":[1.4377558063304914,1.5630951113208187,1.2455482607126678,1.3828024776414158,1.8690557226263174,1.3564401031077586,1.4391116976107345,1.4408648909714035,1.4628322780035925,1.2990958937318642,1.5157590336758688,1.3276611139807772,1.561228818516356,1.2533996135654057,1.2305523724616159,1.247083734387583,1.762687007181587,1.4292471248609058,1.6974403888780754,1.2044176041393633,1.3550045582671932,1.3560003612020182,1.4866063450629086,1.5076543607790238,1.1983192469567476,1.492151118569758,1.4452453397176381,1.411910519628232,1.3735482065260198,1.1758890900741044,1.3205504357831952,1.1728964156249029,1.237294498599491,1.2007632909918453,1.2618170009609755,1.3090579708921124,1.3200732920943836,1.2043716248149967,1.244445474910174,1.119792540707678]},"μ":16,"n_realizations":1,"N_list":[10,20,30,40,50,60,70,80,90,100],"P_list":[22,30,44,88],"Float64_non_orthogonal_rank-1":{"injectivity":[0.3334876385734614,0.6066492080439269,0.5019103942023884,0.4445770080009569,0.3678590518643198,0.6103381640157073,0.4016140684521939,0.5572581041993678,0.5076842448695702,0.4197091840601771,0.5233625432356743,0.5122790729016082,0.6349418165776326,0.6355012298626272,0.5336310275426216,0.4101320512928236,0.46116379294953525,0.5306516430476677,0.5684750543555033,0.7007372653019485,0.4761436202081557,0.6185128456195703,0.4656904779070043,0.6281067328248584,0.6769242365833542,0.6171677722125477,0.6251692141701851,0.5218732824778648,0.6434398681178751,0.7115932893180694,0.6346989934664529,0.639251477770065,0.7889122543769772,0.7682435021760103,0.7077712879417591,0.6558028940066998,0.6340760414848348,0.7755454046726504,0.6887697759536939,0.5480261292005263],"median_injectivity":[0.3334876385734614,0.6066492080439269,0.5019103942023884,0.4445770080009569,0.3678590518643198,0.6103381640157073,0.4016140684521939,0.5572581041993678,0.5076842448695702,0.4197091840601771,0.5233625432356743,0.5122790729016082,0.6349418165776326,0.6355012298626272,0.5336310275426216,0.4101320512928236,0.46116379294953525,0.5306516430476677,0.5684750543555033,0.7007372653019485,0.4761436202081557,0.6185128456195703,0.4656904779070043,0.6281067328248584,0.6769242365833542,0.6171677722125477,0.6251692141701851,0.5218732824778648,0.6434398681178751,0.7115932893180694,0.6346989934664529,0.639251477770065,0.7889122543769772,0.7682435021760103,0.7077712879417591,0.6558028940066998,0.6340760414848348,0.7755454046726504,0.6887697759536939,0.5480261292005263],